TRUE,StyleCop.CSharp.SpacingRules,SA1000,KeywordsMustBeSpacedCorrectly,キーワード「{0}」の前後の空白が不正です。,予約語の前後の空白を検証する。
TRUE,StyleCop.CSharp.SpacingRules,SA1001,CommasMustBeSpacedCorrectly,コンマの前後の空白が不正です。,コンマの前後の空白を検証する。
TRUE,StyleCop.CSharp.SpacingRules,SA1002,SemicolonsMustBeSpacedCorrectly,セミコロンの前後の空白が不正です。,セミコロンの前後の空白を検証する。
TRUE,StyleCop.CSharp.SpacingRules,SA1003,SymbolsMustBeSpacedCorrectly,「{0}」記号の前後の空白が不正です。,演算子記号の前後の空白を検証する。
TRUE,StyleCop.CSharp.SpacingRules,SA1004,DocumentationLinesMustBeginWithSingleSpace,XMLヘッダ行は空白１つから始めてください。,ドキュメントの先頭のスラッシュの後に空白が１つあることを検証する。
TRUE,StyleCop.CSharp.SpacingRules,SA1005,SingleLineCommentsMustBeginWithSingleSpace,コメントの先頭には空白１を入れてください。このエラーを検出しないようにする場合は、コメントを「//」の変わりに「////」から始めてください。,コメントの前のスラッシュの後に空白が１つあることを検証する。
TRUE,StyleCop.CSharp.SpacingRules,SA1006,PreprocessorKeywordsMustNotBePrecededBySpace,プリプロセッサタイプキーワードは、空白で始めないでください。,プリプロセッサ文の左ハッシュ記号とキーワードの間に空白が無いことを検証する。
TRUE,StyleCop.CSharp.SpacingRules,SA1007,OperatorKeywordMustBeFollowedBySpace,演算子用のキーワードの後には空白が必要です。,演算子のオーバロードのキーワード「operator」と左演算子の間に空白が１つあることを検証する。
TRUE,StyleCop.CSharp.SpacingRules,SA1008,OpeningParenthesisMustBeSpacedCorrectly,左括弧の前後の空白が不正です。,左括弧の前後の空白を検証する。
TRUE,StyleCop.CSharp.SpacingRules,SA1009,ClosingParenthesisMustBeSpacedCorrectly,右括弧の前後の空白が不正です。,右括弧の前後の空白を検証する。
TRUE,StyleCop.CSharp.SpacingRules,SA1010,OpeningSquareBracketsMustBeSpacedCorrectly,左角括弧の前後の空白が不正です。,左角括弧の前後の空白を検証する。
TRUE,StyleCop.CSharp.SpacingRules,SA1011,ClosingSquareBracketsMustBeSpacedCorrectly,右角括弧の前後の空白が不正です。,右角括弧の前後の空白を検証する。
TRUE,StyleCop.CSharp.SpacingRules,SA1012,OpeningCurlyBracketsMustBeSpacedCorrectly,左中括弧の前後の空白が不正です。,左中括弧の前後の空白を検証する。
TRUE,StyleCop.CSharp.SpacingRules,SA1013,ClosingCurlyBracketsMustBeSpacedCorrectly,右中括弧の前後の空白が不正です。,右中括弧の前後の空白を検証する。
TRUE,StyleCop.CSharp.SpacingRules,SA1014,OpeningGenericBracketsMustBeSpacedCorrectly,ジェネリックタイプの左括弧の前後の空白が不正です。,ジェネリックタイプの左括弧の前後の空白を検証する。
TRUE,StyleCop.CSharp.SpacingRules,SA1015,ClosingGenericBracketsMustBeSpacedCorrectly,ジェネリックタイプの右括弧の前後の空白が不正です。,ジェネリックタイプの右括弧の前後の空白を検証する。
TRUE,StyleCop.CSharp.SpacingRules,SA1016,OpeningAttributeBracketsMustBeSpacedCorrectly,左の角括弧の前後の空白が不正です。,左の角括弧の前後の空白を検証する。
TRUE,StyleCop.CSharp.SpacingRules,SA1017,ClosingAttributeBracketsMustBeSpacedCorrectly,右の角括弧の前後の空白が不正です。,右の角括弧の前後の空白を検証する。
TRUE,StyleCop.CSharp.SpacingRules,SA1018,NullableTypeSymbolsMustNotBePrecededBySpace,nullableタイプ記号は空白で始めないでください。,nullableタイプ記号の前に空白が無いことを検証する。
TRUE,StyleCop.CSharp.SpacingRules,SA1019,MemberAccessSymbolsMustBeSpacedCorrectly,メンバーアクセス記号の前後の空白が不正です。,メンバーアクセス記号の前後の空白を検証する。
TRUE,StyleCop.CSharp.SpacingRules,SA1020,IncrementDecrementSymbolsMustBeSpacedCorrectly,インクリメント演算子及びデクリメント演算子の前後の空白が不正です。,インクリメント演算子及びデクリメント演算子の前後の空白を検証する。
TRUE,StyleCop.CSharp.SpacingRules,SA1021,NegativeSignsMustBeSpacedCorrectly,負符号記号の前後の空白が不正です。,負符号記号の前後の空白を検証する。
TRUE,StyleCop.CSharp.SpacingRules,SA1022,PositiveSignsMustBeSpacedCorrectly,正符号の前後の空白が不正です。,正符号の前後の空白を検証する。
TRUE,StyleCop.CSharp.SpacingRules,SA1023,DereferenceAndAccessOfSymbolsMustBeSpacedCorrectly,デリファレンス及びアドレスオブ記号の前後の空白が不正です。,デリファレンス及びアドレスオブ記号の前後の空白を検証する。
TRUE,StyleCop.CSharp.SpacingRules,SA1024,ColonsMustBeSpacedCorrectly,コロン（「:」）の前後の空白が不正です。,コロンの前後の空白を検証する。
TRUE,StyleCop.CSharp.SpacingRules,SA1025,CodeMustNotContainMultipleWhitespaceInARow,連続した空白があります。一つに纏めてください。,連続した空白が無いことを検証する。
TRUE,StyleCop.CSharp.SpacingRules,SA1026,CodeMustNotContainSpaceAfterNewKeywordInImplicitlyTypedArrayAllocation,暗黙のタイプ配列割付のキーワードnewと左角括弧の間に空白を入れないでください。,暗黙のタイプ配列割付のキーワードnewと左角括弧の間に空白が入っていないことを検証する。
FALSE,StyleCop.CSharp.SpacingRules,SA1027,TabsMustNotBeUsed,タブの利用は禁止されています。代わりに空白を使ってください。,コードにタブが無いことを検証する。
TRUE,StyleCop.CSharp.ReadabilityRules,SA1100,DoNotPrefixCallsWithBaseUnlessLocalImplementationExists,項目がvirtualとして宣伝されて、ローカルクラスでオーバライドが定義されている場合は、{0}の呼び出しは接頭辞「base.」のみを使うべき。その他の場合は、接頭辞を「base.」ではなく「this.」にしてください。,接頭辞「base.」が誤用されていないことを検証する。
TRUE,StyleCop.CSharp.ReadabilityRules,SA1101,PrefixLocalCallsWithThis,呼び出し {0} はこのクラスのメンバーであることを示すために、「this.」を記述してください。,ローカルメンバーの呼び出しに「this.」が付けられているか検証する。
TRUE,StyleCop.CSharp.ReadabilityRules,SA1102,QueryClauseMustFollowPreviousClause,クエリー式の句は前の句の次の行から始めてください。行間に空行を入れないでください。,クエリー式の句間に空の改行がないことを検証する。
TRUE,StyleCop.CSharp.ReadabilityRules,SA1103,QueryClausesMustBeOnSeparateLinesOrAllOnOneLine,クエリー式のすべての句は同じ行に記述するか、句毎を別々の行に記述してください。,クエリー式が一行に記述されていない場合は、クエリー式の各句が独自の行に記述されているか検証する。
TRUE,StyleCop.CSharp.ReadabilityRules,SA1104,QueryClauseMustBeginOnNewLineWhenPreviousClauseSpansMultipleLines,前のクエリー式の句が数行を跨る場合は、クエリー式の句は新しい行から記述してください。,クエリー式の句が数行に記述されている場合は、句が独自の行に記述されていることを検証する。
TRUE,StyleCop.CSharp.ReadabilityRules,SA1105,QueryClausesSpanningMultipleLinesMustBeginOnOwnLine,クエリー式が複数行をまたがる場合は、新しい行から始めてください。,数行を股がうクエリー式の句が新しい行から記述されていることを検証する。
TRUE,StyleCop.CSharp.ReadabilityRules,SA1106,CodeMustNotContainEmptyStatements,不要なセミコロン（「;」）が含まれています。,コードに不要なセミコロン（「;」）が含まれていないことを検証する。
TRUE,StyleCop.CSharp.ReadabilityRules,SA1107,CodeMustNotContainMultipleStatementsOnOneLine,１行には１文のみを記述してください。,1行に複数の命令文が記述されていないことを検証する
TRUE,StyleCop.CSharp.ReadabilityRules,SA1108,BlockStatementsMustNotContainEmbeddedComments,コメントは括弧文の中に記述しないでください。,ブラケットされた文で、宣伝と左ブラケットの間にコメントが記述されていないことを検証する。
TRUE,StyleCop.CSharp.ReadabilityRules,SA1109,BlockStatementsMustNotContainEmbeddedRegions,括弧の中にregionを記述しないでください。,ブラケットされた文で、宣伝と左ブラケットの間にregionが無いことを検証する。
TRUE,StyleCop.CSharp.ReadabilityRules,SA1110,OpeningParenthesisMustBeOnDeclarationLine,左括弧及びブラケットを{0}の名前と同じ行に記述してください。,パラメータリストの左ブラケットが、同じ行のメソッド名の直後に記述されていることを検証する。
TRUE,StyleCop.CSharp.ReadabilityRules,SA1111,ClosingParenthesisMustBeOnLineOfLastParameter,右括弧及びブラケットはパラメータリストの最後のパラメータと同じ行に記述してください。,パラメータリストの右ブラケットが同じ行で、最後のパラメータの直後に記述されていることを検証する。
TRUE,StyleCop.CSharp.ReadabilityRules,SA1112,ClosingParenthesisMustBeOnLineOfOpeningParenthesis,右括弧及びブラケットを左括弧及びブラケットと同じ行に記述してください。,パラメータにパラメータが無い場合は、パラメータリストの右ブラケットが左ブラケットの直後に記述されていることを検証する。
TRUE,StyleCop.CSharp.ReadabilityRules,SA1113,CommaMustBeOnSameLineAsPreviousParameter,コンマは前のパラメータと同じ行に記述してください。,パラメータ間のコンマが前のパラメータと同じ行で、その直後に記述されていることを検証する。
TRUE,StyleCop.CSharp.ReadabilityRules,SA1114,ParameterListMustFollowDeclaration,パラメータリストの最初のパラメータは左ブラケットと同じ行又は次の行に記述してください。,パラメータリストの最初のパラメータが、左ブラケットと同じ行又は次の行に記述されていることを検証する。
TRUE,StyleCop.CSharp.ReadabilityRules,SA1115,ParameterMustFollowComma,パラメータを前のパラメータの次の行に記述してください。,数行を跨るパラメータリストの場合は、前のコンマの次の行にパラメータが記述されていることを検証する。
TRUE,StyleCop.CSharp.ReadabilityRules,SA1116,SplitParametersMustStartOnLineAfterDeclaration,パラメータ{0}が別々の行にある場合は、最初のパラメータはメソッド名{0}の下の位置から記述してください。,数行を跨るパラメータリストの場合は、パラメータリストの最初のパラメータは、左ブラケットの次の行に記述されていることを検証する。
TRUE,StyleCop.CSharp.ReadabilityRules,SA1117,ParametersMustBeOnSameLineOrSeparateLines,{0}すべてのパラメータを一行に記述するか、パラメータ毎に改行をしてください。,パラメータがすべて同じ行に記述されていない場合は、パラメータ毎に独自の行に記述されていることを検証する。
TRUE,StyleCop.CSharp.ReadabilityRules,SA1118,ParameterMustNotSpanMultipleLines,パラメータは数行に跨っています。パラメータが短い場合は、すべて１行に記述してください。それ以外の場合は、パラメータの内容と一時変数に保存し、一時変数をパラメータに引き渡して下さい。,パラメータリストの最初のパラメータ以外は、パラメータが数行を跨らないことを検証する。
TRUE,StyleCop.CSharp.MaintainabilityRules,SA1119,StatementMustNotUseUnnecessaryParenthesis,行に不要な括弧があります。,コードに多く及び不要な括弧がないことを検証する。
TRUE,StyleCop.CSharp.ReadabilityRules,SA1120,CommentsMustContainText,空のコメントです。コメント文を記入するか、コメントを削除してください。,コメントに内容が記述されているか検証する。
TRUE,StyleCop.CSharp.ReadabilityRules,SA1121,UseBuiltInTypeAlias,{1}及び{2}の代わりにビルドインタイプアリアス「{0}」を使ってください。,ビルドインタイプが表す実際のタイプより、ビルドインタイプを使用を強制する。
TRUE,StyleCop.CSharp.ReadabilityRules,SA1122,UseStringEmptyForEmptyStrings,「""」の代わりに「string.Empty」を使ってください。,空文字列に「string.Empty」を使うことを強制する。
TRUE,StyleCop.CSharp.ReadabilityRules,SA1123,DoNotPlaceRegionsWithinElements,コード要素内ではregionの利用は許されていまん。#regionと#endregionタグの削除してください。,コードを読みづらくするため、コード要素内でregionの使用を禁止する。
TRUE,StyleCop.CSharp.ReadabilityRules,SA1124,DoNotUseRegions,regionの使用は禁止されています。#region及び#endregionタグを削除してください。,コードすべてにregionの使用を禁止する。
FALSE,StyleCop.CSharp.OrderingRules,SA1200,UsingDirectivesMustBePlacedWithinNamespace,すべての命令文を名前空間に設定してください。,名前空間がファイルに存在する場合は、すべての命令文に名前空間が記述されているか検証する。
TRUE,StyleCop.CSharp.OrderingRules,SA1201,ElementsMustAppearInTheCorrectOrder,すべての{0}は、 {1} の後に記述してください。,要素が正しい順に記述されているか検証する。
TRUE,StyleCop.CSharp.OrderingRules,SA1202,ElementsMustBeOrderedByAccess,すべての {0} {1} は、{2} {3}すべての後に記述してください。,同じタイプを要素がアクセス順に記述されていることを検証する。
TRUE,StyleCop.CSharp.OrderingRules,SA1203,ConstantsMustAppearBeforeFields,すべての定数及び読取り専用の{0} {1}は定数及び読取り専用ではない宣伝の前に記述してください。,定数と読取り専用のすべての要素が、定数でも読取り専用でもない同じタイプの要素の前に記述されていることを検証する。
TRUE,StyleCop.CSharp.OrderingRules,SA1204,StaticElementsMustAppearBeforeInstanceElements,すべてのstatic {0} {1}は非static {2} {3}に記述してください。,static要素すべてが、staticでは無い同じタイプの要素の前に記述されていることを検証する。
TRUE,StyleCop.CSharp.OrderingRules,SA1205,PartialElementsMustDeclareAccess,部分（partial）{0}にアクセス修飾子が定義されていません。StyleCopは、正しく要素のファイル位置を判定することができないかもしれません。すべての部分（partial）{1}にアクセス修飾子を宣伝してください,部分（partial）要素に部分（partial）要素の順を決めるのに必要なアクセスス修飾子が定義されていることを検証する。
TRUE,StyleCop.CSharp.OrderingRules,SA1206,DeclarationKeywordsMustFollowOrder,キーワード {0} をキーワード {1} の前に宣伝してください。,要素宣伝のキーワード順を検証する。
TRUE,StyleCop.CSharp.OrderingRules,SA1207,ProtectedMustComeBeforeInternal,キーワード「protected」は、キーワード「internal」の前に記述してください。,protect内部アクセスの要素の内部及びprotectedキーワードの順を検証する。
TRUE,StyleCop.CSharp.OrderingRules,SA1208,SystemUsingDirectivesMustBePlacedBeforeOtherUsingDirectives,命令を使うシステムは、その他の命令を使うものの前に記述してください。,システム名前空間の命令すべてが、その他の命令の前に記述されていることを検証する。
TRUE,StyleCop.CSharp.OrderingRules,SA1209,UsingAliasDirectivesMustBePlacedAfterOtherUsingDirectives,alias命令は、名前空間命令すべての後に記述してください。,題名の命令すべてが、名前空間の命令の後に記述されていることを検証する。
TRUE,StyleCop.CSharp.OrderingRules,SA1210,UsingDirectivesMustBeOrderedAlphabeticallyByNamespace,using命令は名前空間のアルファベット順に記述してください。,命令が名前空間のアルファベット順に記述されていることを検証する。
TRUE,StyleCop.CSharp.OrderingRules,SA1211,UsingAliasDirectivesMustBeOrderedAlphabeticallyByAliasName,alias命令は、alias名のアルファベット順に記述してください。,題名命令は題名のアルファベット順に記述されていることを検証する。
TRUE,StyleCop.CSharp.OrderingRules,SA1212,PropertyAccessorsMustFollowOrder,プロパティ及びindexer内のget-accessorはset-accessorの前に記述してください。,プロパティ及びインデックスで、getアセッサーがsetアセッサーの前に記述されていることを検証する。
TRUE,StyleCop.CSharp.OrderingRules,SA1213,EventAccessorsMustFollowOrder,イベント内のadd-accessorは、remove-accessorの前に記述してください。,イベント内で、addアセッサーがremoveアセッサーの前に記述されていることを検証する。
TRUE,StyleCop.CSharp.NamingRules,SA1300,ElementMustBeginWithUpperCaseLetter,{0}名の頭文字は大文字にしてください： {1}。,要素の特定タイプの名前の頭文字が大文字か検証する。
TRUE,StyleCop.CSharp.NamingRules,SA1301,ElementMustBeginWithLowerCaseLetter,{0}名の頭文字は小文字にしてください： {1}。,要素の特性タイプの名前の頭文字が小文字か検証する。
TRUE,StyleCop.CSharp.NamingRules,SA1302,InterfaceNamesMustBeginWithI,インターフェース名の頭文字は大文字「I」にしてください： {0}。,インターフェース名の頭文字が「I」か検証する。
TRUE,StyleCop.CSharp.NamingRules,SA1303,ConstFieldNamesMustBeginWithUpperCaseLetter,定数の頭文字は大文字にしてください： {0}.,定数の頭文字が大文字であることを検証する。
TRUE,StyleCop.CSharp.NamingRules,SA1304,NonPrivateReadonlyFieldsMustBeginWithUpperCaseLetter,privateに宣伝されていない読み取り専用の変数の頭文字は大文字にしてください： {0}。,privateに宣伝されていない、読取り専用のフィールド名の頭文字が大文字であることを検証する。
TRUE,StyleCop.CSharp.NamingRules,SA1305,FieldNamesMustNotUseHungarianNotation,変数名「{0}」の接頭辞は、ハンガリー記法に一致しています。接頭辞を削除するか、許可された接頭辞一覧に追加してください。,変数名がハンガリー記法に一致した小文字から始まらないか検証する。
TRUE,StyleCop.CSharp.NamingRules,SA1306,FieldNamesMustBeginWithLowerCaseLetter,変数名の頭文字は小文字にしてください： {0}.,変数名及びフィールド名の頭文字が小文字であることを検証する。
TRUE,StyleCop.CSharp.NamingRules,SA1307,AccessibleFieldsMustBeginWithUpperCaseLetter,Public及び内部フィールドの頭文字は大文字にしてください： {0}.,public及び内部フィールド名の頭文字が大文字であるか検証する。
TRUE,StyleCop.CSharp.NamingRules,SA1308,VariableNamesMustNotBePrefixed,半数名は「m_」から始めないでください。,メンバー変数名が「m_」で始まらないか検証する。
TRUE,StyleCop.CSharp.NamingRules,SA1309,FieldNamesMustNotBeginWithUnderscore,フィールド名は下線（「_」）から始めないでください。,フィールド名が下線（「_」）で始まれないか検証する。
FALSE,StyleCop.CSharp.NamingRules,SA1310,FieldNamesMustNotContainUnderscore,フィール名に下線（「_」）を含めないでください。,フィールド名に下線（「_」）が使われていないか検証する。
TRUE,StyleCop.CSharp.MaintainabilityRules,SA1400,AccessModifierMustBeDeclared,{0}にアクセス修飾子を記述してください。,要素にアクセス修飾子が宣伝されていることを検証する。
TRUE,StyleCop.CSharp.MaintainabilityRules,SA1401,FieldsMustBePrivate,フィールドをprivateにしてください。フィールドの値を公開するにはプロパティ(property)を使ってください。,フィールドがprivateで宣伝されているか検証する。
TRUE,StyleCop.CSharp.MaintainabilityRules,SA1402,FileMayOnlyContainASingleClass,C#ドキュメントのルートレベルのクラスは、すべてのクラスが同じタイプの部分（partial）クラスで無い場合は、１つしか記述しないで下さい。,C#ドキュメントのルートレベルが１クラスより多くないこを検証する。
TRUE,StyleCop.CSharp.MaintainabilityRules,SA1403,FileMayOnlyContainASingleNamespace,C#ドキュメントには名前空間１つしか含むことができません。,C#ドキュメントに１つより多い名前空間がないか検証する。
FALSE,StyleCop.CSharp.MaintainabilityRules,SA1404,CodeAnalysisSuppressionMustHaveJustification,コード文式抑制は、抑制の利用が必要です。,コード文式抑制に、抑制の利用が記述されていることを検証する。
TRUE,StyleCop.CSharp.MaintainabilityRules,SA1405,DebugAssertMustProvideMessageText,Debug.Assertを呼び出しする場合は、アサートの利用を2番目の引数に記述してください。,Debug.Assertを呼び出しする場合は、アサートの利用を2番目の引数に記述されていることを検証する
TRUE,StyleCop.CSharp.MaintainabilityRules,SA1406,DebugFailMustProvideMessageText,Debug.Failを呼び出し場合は、最初の引数に失敗した理由を記述してください。,Debug.Failを呼び出し場合は、最初の引数に失敗した理由が記述されていることを検証する。
TRUE,StyleCop.CSharp.MaintainabilityRules,SA1407,ArithmeticExpressionsMustDeclarePrecedence,優先度を明示するために、演算式に括弧を入れてください。,コードに演算子の優先順位が暗黙でないことを検証する。
TRUE,StyleCop.CSharp.MaintainabilityRules,SA1408,ConditionalExpressionsMustDeclarePrecedence,論理演算式の優先度を明示するために、AND及びOR文を括弧で囲んでください。,コードに演算子の優先順位が暗黙でないことを検証する。
TRUE,StyleCop.CSharp.MaintainabilityRules,SA1409,RemoveUnnecessaryCode,{0}は空又は不要です。削除してください。,コードに空又は不要なコードがないか検証する。
TRUE,StyleCop.CSharp.MaintainabilityRules,SA1410,RemoveDelegateParenthesisWhenPossible,匿名（anonymous）メソッドから括弧を削除してください。デリゲートパラメータリストが空です。,メソッドパラメータがない匿名メソッドに括弧がないことを検証する。
TRUE,StyleCop.CSharp.LayoutRules,SA1500,CurlyBracketsForMultiLineStatementsMustNotShareLine,文書が数行に跨る場合は、中括弧{0}を単独に記述してください。,文書が数行に跨る場合は、左中括弧と左中括弧が単独の行に記述されているか検証する。
TRUE,StyleCop.CSharp.LayoutRules,SA1501,StatementMustNotBeOnSingleLine,中括弧を含む文書を一つの行に記述しないでください。左及び右中括弧を単独の行に記述してください。,ブラケットされた文が１行に記述されていないことを検証する。
TRUE,StyleCop.CSharp.LayoutRules,SA1502,ElementMustNotBeOnSingleLine,{0}に１行に記述しないでください。左及び右中括弧を単独の行に記述してください。,ブラケットされた要素が１行に記述されていないか検証する。
TRUE,StyleCop.CSharp.LayoutRules,SA1503,CurlyBracketsMustNotBeOmitted,{0}の内容を左中括弧と右中括弧で囲ってください。,省略できる場合でも、必ず左中括弧と右中括弧が記述されているか検証する。
TRUE,StyleCop.CSharp.LayoutRules,SA1504,AllAccessorsMustBeMultiLineOrSingleLine,{0}のアセッサーすべてが１行に記述されている場合は、アセッサーを１行に記述してください。,プロパティ及びインデックスのすべてのアセッサーが１行に記述されている場合は、プロパティ及びインデックスのアセッサーも１行に記述されているか検証する。
TRUE,StyleCop.CSharp.LayoutRules,SA1505,OpeningCurlyBracketsMustNotBeFollowedByBlankLine,左中括弧は後に空行を入れないでください。,ブラケット文及び要素の左ブラケットの直後に空行がないことを検証する。
TRUE,StyleCop.CSharp.LayoutRules,SA1506,ElementDocumentationHeadersMustNotBeFollowedByBlankLine,ドキュメントヘッダの後にかラ行を入れないでください。,ドキュメントヘッダの直後に空行がないことを検証する
TRUE,StyleCop.CSharp.LayoutRules,SA1507,CodeMustNotContainMultipleBlankLinesInARow,連続した空行を入れないでください。,コードの後に連続した空行が無いことを検証する。
TRUE,StyleCop.CSharp.LayoutRules,SA1508,ClosingCurlyBracketsMustNotBePrecededByBlankLine,右中括弧の直前に空行を入れないでください。,ブラケット文及び要素の右ブラケットの直前に空行が無いことを検証する。
TRUE,StyleCop.CSharp.LayoutRules,SA1509,OpeningCurlyBracketsMustNotBePrecededByBlankLine,左中括弧の直前に空行を入れないでください。,ブラケット文及び要素の左中括弧の直前に空行が無いことを検証する。
TRUE,StyleCop.CSharp.LayoutRules,SA1510,ChainedStatementBlocksMustNotBePrecededByBlankLine,"else, catch, finally文の直前に空行を入れないでください。","else, catch, finally文の直前に空行が無いことを検証する。"
TRUE,StyleCop.CSharp.LayoutRules,SA1511,WhileDoFooterMustNotBePrecededByBlankLine,do-while文のキーワードwhileの直前に空行を入れないでください。,do-while文のキーワードwhileの直前に空行が無いことを検証する。
TRUE,StyleCop.CSharp.LayoutRules,SA1512,SingleLineCommentsMustNotBeFollowedByBlankLine,１行コメントの後に空行を入れないでください。このエラーを無視する場合は、コメントを「//」の代わりに「////」で始めてください。,コメントの直後に空行が無いことを検証する。（Cスタイルコメントには適用しない。）
TRUE,StyleCop.CSharp.LayoutRules,SA1513,ClosingCurlyBracketMustBeFollowedByBlankLine,中括弧に囲まれた文及び要素の後には空行を入れてください。,ブラケット文及び要素の直後に空行があることを検証する。
TRUE,StyleCop.CSharp.LayoutRules,SA1514,ElementDocumentationHeaderMustBePrecededByBlankLine,ドキュメントヘッダがスコープの先頭に無い場合は、直前に空行を入れてください。,ドキュメントヘッダがスコープの先頭に無い場合は、直前に空行があることを検証する。
TRUE,StyleCop.CSharp.LayoutRules,SA1515,SingleLineCommentMustBePrecededByBlankLine,１行コメントの前の行が、他の１行コメント又はスコープの先頭で無い場合は、空行を入れてください。このエラーを無視する場合は、コメントを「//」の代わりに「////」で始めてください。,コメントの直前に空行があるか、コメントがスコープが最初にあるかを検証する。
TRUE,StyleCop.CSharp.LayoutRules,SA1516,ElementsMustBeSeparatedByBlankLine,隣接している要素は、空行で区切ってください。,隣接している要素が空行で区切られているか検証します。
FALSE,StyleCop.CSharp.DocumentationRules,SA1600,ElementsMustBeDocumented,{0}はドキュメントヘッダが必要です。,要素のドキュメントヘッダの形式が正しいか検証する。
TRUE,StyleCop.CSharp.DocumentationRules,SA1601,PartialElementsMustBeDocumented,partial 要素{0}は概要（summary）タグ又はコンテンツ（content）タグを含むヘッダが必要です。,partialクラス、構造体たどに正しい形式の概要（summary）タグ又はコンテンツ(content)タグが含まれているか検証する。
TRUE,StyleCop.CSharp.DocumentationRules,SA1602,EnumerationItemsMustBeDocumented,enumerationのサブアイテムにドキュメントヘッダが必要です。,enumerationを含む項目が正しき形式のドキュメントヘッダを含むか検証する。
TRUE,StyleCop.CSharp.DocumentationRules,SA1603,DocumentationMustContainValidXml,ドキュメントヘッダに不正なXMLが含まれています： {0},ドキュメントヘッダに不正なXMLが含まれていて、解析できないかを検証する。
TRUE,StyleCop.CSharp.DocumentationRules,SA1604,ElementDocumentationMustHaveSummary,ドキュメントヘッダは概要（summary）タグが必要です。,ドキュメントヘッダに正しい形式の概要（summary）タグが記述されているか検証する。
TRUE,StyleCop.CSharp.DocumentationRules,SA1605,PartialElementDocumentationMustHaveSummary,partial要素は概要（summary）タグ又はコンテンツ（content）タグがのドキュメントヘッダに必要です。,partialクラス、構造体などに正しき形式の概要（summary）タグ又はコンテンツタグが含まれているか検証する。
TRUE,StyleCop.CSharp.DocumentationRules,SA1606,ElementDocumentationMustHaveSummaryText,ドキュメントヘッダの概要（summary）の記述は必要です。,要素の概要（summary）タグが記述されているか検証します。
TRUE,StyleCop.CSharp.DocumentationRules,SA1607,PartialElementDocumentationMustHaveSummaryText,ドキュメントヘッダの概要（summary）又はコンテンツ（content）セクションの記述が必要です。,partialクラス、構造体などのドキュメントヘッダの概要が記述されているか検証します。
TRUE,StyleCop.CSharp.DocumentationRules,SA1608,ElementDocumentationMustNotHaveDefaultSummary,ドキュメントヘッダにVisual Studioが生成したデフォルトサマリー（概要）が含まれています。,要素のドキュメントヘッダの概要が、Visual Studioが生成したデフォルトの概要でないことを検証します。
FALSE,StyleCop.CSharp.DocumentationRules,SA1609,PropertyDocumentationMustHaveValue,public及びprotectedプロパティのドキュメントヘッダはバリュー（value）タグが必要です。,public及びprotectedプロパティにバリュータグがあるドキュメントヘッダが記述されているか検証します。
TRUE,StyleCop.CSharp.DocumentationRules,SA1610,PropertyDocumentationMustHaveValueText,プロパティのドキュメントヘッダのバリュー（value）セクションを記入してください。,プロパティのバリュー（value）タグが記述されているか検証します。
TRUE,StyleCop.CSharp.DocumentationRules,SA1611,ElementParametersMustBeDocumented,ドキュメントヘッダは、要素のパラメータリストに含まれているparamタグが必要です。,要素のドキュメントヘッダに、要素のパラメータリストの項目毎にparamタグが含まれているか検証する。
TRUE,StyleCop.CSharp.DocumentationRules,SA1612,ElementParameterDocumentationMustMatchElementParameters,ドキュメントヘッダのparamタグは、要素のパラメータリストと一致しなければいけません。,要素のドキュメントヘッダに要素のパラメータリストに存在しないパラメータのparamタグが含まれていないか検証する。
TRUE,StyleCop.CSharp.DocumentationRules,SA1613,ElementParameterDocumentationMustDeclareParameterName,ドキュメントヘッダのすべてのparamタグは、「name」属性が必須です。,要素のドキュメントヘッダのすべてのparamタグに名前(name)属性があるかを検証します。
TRUE,StyleCop.CSharp.DocumentationRules,SA1614,ElementParameterDocumentationMustHaveText,パラメータ「{0}」のparamタグのドキュメント内容は空白ではいけません。,要素のドキュメントヘッダに、要素のパラメータリストの各要素の説明記述が含まれているか検証する。
TRUE,StyleCop.CSharp.DocumentationRules,SA1615,ElementReturnValueMustBeDocumented,要素に戻り値があるため、ドキュメントヘッダに戻り（return）タグが必要です。,要素に戻り値がある場合は、要素のドキュメントヘッダに戻り（return）タグがあるか検証する。
TRUE,StyleCop.CSharp.DocumentationRules,SA1616,ElementReturnValueDocumentationMustHaveText,ドキュメントヘッダの戻り（return）セクションを記入してください。,要素の戻り（return）タグが記入されているか検証する。
TRUE,StyleCop.CSharp.DocumentationRules,SA1617,VoidReturnValueMustNotBeDocumented,要素には戻り値がないため、ドキュメントヘッダに戻り（return）タグはあってはいけません。,要素に戻り値が無い場合は、要素のドキュメントヘッダに戻り（return）タグが無いことを検証する。
TRUE,StyleCop.CSharp.DocumentationRules,SA1618,GenericTypeParametersMustBeDocumented,ドキュメントヘッダは、ジェネリックタイプ{0}に一致したtypeparamタグが必要です。,要素のドキュメントヘッダに、要素のジェネリックタイプ毎のtypeparamタグが含まれていることを検証する。
TRUE,StyleCop.CSharp.DocumentationRules,SA1619,GenericTypeParametersMustBeDocumentedPartialClass,ドキュメントヘッダは{0}のジェネリックタイプと一致したtypeparamタグが必要です。typeparamタグが部分（partial）{0}の他の部分に記述されている場合は、主ドキュメントが部分（partial）{0}の別の部分に記述されていることを示すために、「summary」タグを「content」タグに変更してください。,部分（partial）クラス、構造体などが、別の要素で記述されていない場合は、要素のジェネリックタイプ毎にtypeparamタグがあるドキュメントヘッダを含むか検証する。
TRUE,StyleCop.CSharp.DocumentationRules,SA1620,GenericTypeParameterDocumentationMustMatchTypeParameters,ドキュメントヘッダのtypeparamタグは{0}のジェネリックタイプと一致しなければなりません。,ドキュメントヘッダに、要素のジェネリックタイプリストではないタイプのtypeparamタグが含まれていないことを検証する。
TRUE,StyleCop.CSharp.DocumentationRules,SA1621,GenericTypeParameterDocumentationMustDeclareParameterName,ドキュメントヘッダのtypeparamタグすべては、「name」属性が必要です。,ドキュメントヘッダのtypeparamタグすべてに内容が記述されている名前（name）属性が含まれていることを検証する。
TRUE,StyleCop.CSharp.DocumentationRules,SA1622,GenericTypeParameterDocumentationMustHaveText,パラメータ「{0}」のtypeparamタグの内容を記述してください。,要素のドキュメントヘッダに、要素のジェネリックタイプ一覧毎の項目が記述されていることを検証する。
FALSE,StyleCop.CSharp.DocumentationRules,SA1623,PropertySummaryDocumentationMustMatchAccessors,プロパティのドキュメントサマリー文は「{0}」から始めてください。,プロパティの概要が、プロパティがget又はsetアセサーであることによって、正しい文で始まったいることを検証する。
TRUE,StyleCop.CSharp.DocumentationRules,SA1624,PropertySummaryDocumentationMustOmitSetAccessorWithRestrictedAccess,プロパティにgetアセッサーしかないため、ドキュメント概要は「{0}」から始まらなければいけません。,プロパティがgetアセッサーの場合に、プロパティの概要にsetアセッサーの内容が記述されていないことを検証する。
TRUE,StyleCop.CSharp.DocumentationRules,SA1625,ElementDocumentationMustNotBeCopiedAndPasted,ドキュメントヘッダに２つ以上の同じドキュメント文字列があります。重複できるドキュメントテキストは「{0}」だけです。,要素のドキュメントヘッダに重複したドキュメント文が含まれていないことを検証する。
TRUE,StyleCop.CSharp.DocumentationRules,SA1626,SingleLineCommentsMustNotUseDocumentationStyleSlashes,一行のコメントは３つのスラッシュから始まってはいけません。３つのスラッシュはXmlドキュメントヘッダを示す予約記号です。,コメントが３つのスラッシュから始まって、ドキュメントヘッダと区別しづらくなっていないことを検証する。
TRUE,StyleCop.CSharp.DocumentationRules,SA1627,DocumentationTextMustNotBeEmpty,{0}タグのドキュメント文を記入してください。,ドキュメントタグの内容が記述されていることを検証する。
FALSE,StyleCop.CSharp.DocumentationRules,SA1628,DocumentationTextMustBeginWithACapitalLetter,{0}タグのドキュメント内容の最初の文字は大文字でなければいけません。,ドキュメントセクションの文が大文字で始まっているか検証する。
FALSE,StyleCop.CSharp.DocumentationRules,SA1629,DocumentationTextMustEndWithAPeriod,{0}タグのドキュメント文は、「.」で終了してください。,ドキュメントセクションの文が句点「.」で終わっていることを検証する。
FALSE,StyleCop.CSharp.DocumentationRules,SA1630,DocumentationTextMustContainWhitespace,{0}タグのドキュメント文の単語間に空白がありません。正しい文法の文書でない可能性があります。,ドキュメントセクションの文書が最低でも空白で区切られた２単語があることを検証する。
TRUE,StyleCop.CSharp.DocumentationRules,SA1631,DocumentationMustMeetCharacterPercentage,{0}タグのドキュメント文は、正しい文法で書かれた文書でない可能性があります。,ドキュメントセクションの文書に、必要以上の記号が使われて読みづらくなっていないことを検証する。
FALSE,StyleCop.CSharp.DocumentationRules,SA1632,DocumentationTextMustMeetMinimumCharacterLength,{0}タグのドキュメント内容は{1}文字以上でなければなりません。それより少ない文字の文書は正しい文法でない可能性があります。,ドキュメントセクションの文書の文字数が最小文字数以上であることを検証する。
FALSE,StyleCop.CSharp.DocumentationRules,SA1633,FileMustHaveHeader,ファイルにヘッダがありません、ヘッダのXMLが不正です、ヘッダがファイルの先頭にありません。,ファイルが正しい形式のファイルヘッダがあるか検証する。
FALSE,StyleCop.CSharp.DocumentationRules,SA1634,FileHeaderMustShowCopyright,ファイルヘッダに著作権（copyright）タグが必要です。,ファイルヘッダに著作権（copyright）タグがあるか検証する。
TRUE,StyleCop.CSharp.DocumentationRules,SA1635,FileHeaderMustHaveCopyrightText,ファイルヘッダの著作権（copyright）タグを記入してください。,ファイルヘッダの著作権（copyright）タグが記入されているか検証する。
TRUE,StyleCop.CSharp.DocumentationRules,SA1636,FileHeaderCopyrightTextMustMatch,ファイルヘッダの著作権（copyright）タグに次のテキストが必要です：{0},ファイルヘッダの著作権（copyright）に指摘された著作権テキストが含まれているか検証する。
TRUE,StyleCop.CSharp.DocumentationRules,SA1637,FileHeaderMustContainFileName,ファイルヘッダの著作権（copyright）タグにファイル名を値にした「file」属性が必要です。,ファイルヘッダにファイル属性があるかを検証する。
TRUE,StyleCop.CSharp.DocumentationRules,SA1638,FileHeaderFileNameDocumentationMustMatchFileName,ファイルヘッダの著作権（copyright）タグのファイル（file）属性にはファイル名を記述してください。,ファイルヘッダのファイル（file）属性にファイル名が記述されていることを検証します。
FALSE,StyleCop.CSharp.DocumentationRules,SA1639,FileHeaderMustHaveSummary,ファイルヘッダの概要（summary）タグの値を記入してください。.,ファイルヘッダの概要が記述されているか検証する。
TRUE,StyleCop.CSharp.DocumentationRules,SA1640,FileHeaderMustHaveValidCompanyText,ファイルヘッダの著作権（copyright）タグは、会社名が記述された会社（company）属性が必要です。,ファイルヘッダに値が設定された会社（company）属性が設定されているか検証する。
TRUE,StyleCop.CSharp.DocumentationRules,SA1641,FileHeaderCompanyNameTextMustMatch,ファイルヘッダの会社（company）属性の値を「{0}」にしてください。,ファイルヘッダの会社（company）属性に指定された会社名が記述されているか検証する。
FALSE,StyleCop.CSharp.DocumentationRules,SA1642,ConstructorSummaryDocumentationMustBeginWithStandardText,コンストラクタの概要タグの内容は、テキスト{0}から始めなければいけません。,コンストラクタの概要が正しい単語で始まるかを検証する。
TRUE,StyleCop.CSharp.DocumentationRules,SA1643,DestructorSummaryDocumentationMustBeginWithStandardText,デストラクタの概要タグの内容は、テキスト{0}から始めなければいけません。,デストラクタの概要が正しい単語で始まるか検証する。
TRUE,StyleCop.CSharp.DocumentationRules,SA1644,DocumentationHeadersMustNotContainBlankLines,ドキュメントヘッダに空行をいれてはいけない。ドキュメント内容に改行を挿入する場合は「para」タグを使ってください。,ドキュメントヘッダに空行がないか検証する。
TRUE,StyleCop.CSharp.DocumentationRules,SA1645,IncludedDocumentationFileDoesNotExist,includeされたドキュメントヘッダファイルは存在しないか、読み込めません： {0},includeされたドキュメントヘッダが読み込めるか検証する。
TRUE,StyleCop.CSharp.DocumentationRules,SA1646,IncludedDocumentationXPathDoesNotExist,includeされたドキュメントファイルから、XPath文字列「{0}」を読込むことが出来ません：{1},includeされたドキュメントタグのXPath式が正しいか検証する。
TRUE,StyleCop.CSharp.DocumentationRules,SA1647,IncludeNodeDoesNotContainValidFileAndPath,「include」タグの「file」及び「path」属性が不正です：{0},「include」タグの正しい「file」及び「path」属性が記述されていることを検証する。
TRUE,StyleCop.CSharp.DocumentationRules,SA1648,InheritDocMustBeUsedWithInheritingClass,基底クラスから継承しない場合は、「inheritdoc」タグを使わないでください。,基底クラスから継承しない場合は、「inheritdoc」タグが使われていないことを検証する。
FALSE,StyleCop.CSharp.DocumentationRules,SA1650,ElementDocumentationMustBeSpelledCorrectly,要素のドキュメンテーションヘッダーが正しいスペルの単語が含まれていることを検証します。,ドキュメンテーションヘッダーのスペルを検証する。